State/UT,Straight Road - Number of Accidents - number,Straight Road - Number of Accidents - Rank,Straight Road - Persons Killed - Number,Straight Road - Persons Killed - Rank,Straight Road - Persons Injured - Greviously Injured,Straight Road - Persons Injured - Minor Injury,Straight Road - Persons Injured - Total Injured,Curved Road - Number of Accidents,Curved Road - Persons Killed,Curved Road - Persons Injured - Greviously Injured,Curved Road - Persons Injured - Minor Injury,Curved Road - Persons Injured - Total Injured,Bridge - Number of Accidents,Bridge - Persons Killed,Bridge - Persons Injured - Greviously Injured,Bridge - Persons Injured - Minor Injury,Bridge - Persons Injured - Total Injured,Culvert - Number of Accidents,Culvert - Persons Killed,Culvert - Persons Injured - Greviously Injured,Culvert - Persons Injured - Minor Injury,Culvert - Persons Injured - Total Injured,Pot Holes - Number of Accidents,Pot Holes - Persons Killed,Pot Holes - Persons Injured - Greviously Injured,Pot Holes - Persons Injured - Minor Injury,Pot Holes - Persons Injured - Total Injured,Steep Grade - Number of Accidents,Steep Grade - Persons Killed,Steep Grade - Persons Injured - Greviously Injured,Steep Grade - Persons Injured - Minor Injury,Steep Grade - Persons Injured - Total Injured,Ongoing Road Works/Under Construction - Number of Accidents,Ongoing Road Works/Under Construction - Persons Killed,Ongoing Road Works/Under Construction - Persons Injured - Greviously Injured,Ongoing Road Works/Under Construction - Persons Injured - Minor Injury,Ongoing Road Works/Under Construction - Persons Injured - Total Injured,Others - Number of Accidents,Others - Persons Killed,Others - Persons Injured - Greviously Injured,Others - Persons Injured - Minor Injury,Others - Persons Injured - Total Injured
Agra,579,29.0,343,8.0,247,83,330,51,21,45,22,67,40,17,25,12,37,66,28,32,25,57,59,16,43,15,58,44,20,31,24,55,61,26,54,26,80,185,145,205,43,248
Ahmedabad,1235,16.0,388,5.0,525,502,1027,49,14,34,13,47,72,29,22,34,56,0,0,0,0,0,2,2,0,0,0,0,0,0,0,0,17,6,8,5,13,0,0,0,0,0
Allahabad(Prayagraj),190,45.0,82,42.0,86,33,119,171,74,82,32,114,165,82,78,31,109,157,62,62,38,100,239,103,102,42,144,138,57,63,48,111,179,70,68,62,130,174,69,71,67,138
Amritsar,84,47.0,50,46.0,37,12,49,8,7,6,1,7,15,12,6,2,8,0,0,0,0,0,0,0,0,0,0,0,0,0,0,0,0,0,0,0,0,26,26,9,3,12
Asansol Durgapur,403,38.0,282,11.0,269,55,324,24,19,4,7,11,11,8,7,3,10,4,1,3,3,6,1,1,0,0,0,0,0,0,0,0,3,2,1,0,1,0,0,0,0,0
Aurangabad,515,32.0,189,21.0,287,105,392,34,9,24,9,33,6,1,2,2,4,0,0,0,0,0,1,0,1,0,1,4,0,3,1,4,0,0,0,0,0,0,0,0,0,0
Bengaluru,4122,1.0,685,3.0,2160,1534,3694,327,41,205,136,341,214,38,111,87,198,0,0,0,0,0,11,0,8,2,10,0,0,0,0,0,10,4,4,3,7,0,0,0,0,0
Bhopal,1399,13.0,167,25.0,119,804,923,481,4,39,354,393,266,0,0,271,271,0,0,0,0,0,0,0,0,0,0,0,0,0,0,0,1,0,1,0,1,1140,88,64,978,1042
Chandigarh,305,39.0,104,39.0,17,258,275,0,0,0,0,0,0,0,0,0,0,0,0,0,0,0,0,0,0,0,0,0,0,0,0,0,0,0,0,0,0,0,0,0,0,0
Coimbatore,923,21.0,110,36.0,285,658,943,94,18,31,57,88,45,4,16,26,42,0,0,0,0,0,0,0,0,0,0,0,0,0,0,0,0,0,0,0,0,0,0,0,0,0
Chennai,2179,7.0,353,6.0,567,1494,2061,1499,257,271,1269,1540,760,176,222,459,681,872,92,168,756,924,261,51,79,157,236,475,74,203,302,505,399,45,171,269,440,426,204,92,223,315
Delhi,3434,3.0,1001,2.0,496,2595,3091,443,111,64,344,408,256,72,45,187,232,38,4,6,36,42,72,16,15,48,63,13,3,0,13,13,154,39,25,112,137,1200,217,127,1039,1166
Dhanbad,12,50.0,6,50.0,7,4,11,62,39,22,12,34,8,5,2,3,5,7,2,5,3,8,5,3,3,2,5,11,11,0,0,0,18,15,2,2,4,48,46,5,3,8
Faridabad,657,25.0,254,13.0,95,515,610,12,5,4,6,10,14,4,2,8,10,2,0,0,2,2,1,0,0,1,1,0,0,0,0,0,3,1,0,2,2,0,0,0,0,0
Ghaziabad,472,36.0,219,20.0,195,101,296,76,28,35,27,62,27,11,15,9,24,22,4,20,4,24,5,0,3,5,8,22,4,11,15,26,9,0,7,8,15,257,119,104,47,151
Gwalior,1096,19.0,184,22.0,42,785,827,406,41,12,313,325,32,3,1,18,19,83,11,2,56,58,56,0,2,44,46,58,10,1,39,40,181,15,7,134,141,197,28,13,139,152
Hyderabad,2814,4.0,267,12.0,179,2388,2567,80,4,5,72,77,3,0,0,3,3,3,0,0,2,2,0,0,0,0,0,0,0,0,0,0,0,0,0,0,0,0,0,0,0,0
Indore,2447,5.0,246,15.0,24,2153,2177,549,38,10,468,478,90,10,1,67,68,95,12,2,68,70,0,0,0,0,0,0,0,0,0,0,0,0,0,0,0,202,22,5,193,198
Jabalpur,904,22.0,177,24.0,158,725,883,607,58,88,583,671,0,0,0,0,0,0,0,0,0,0,0,0,0,0,0,181,6,29,161,190,1183,118,161,1082,1243,522,47,95,448,543
Jaipur,3846,2.0,1149,1.0,1117,2087,3204,221,56,60,131,191,54,13,10,38,48,2,0,0,1,1,2,0,3,0,3,1,0,1,0,1,10,2,7,5,12,135,63,32,89,121
Jamshedpur,31,49.0,11,49.0,19,8,27,28,10,16,4,20,27,12,15,4,19,23,11,14,3,17,21,12,14,2,16,22,13,13,2,15,23,13,6,3,9,16,10,3,3,6
Jodhpur,870,23.0,481,4.0,230,424,654,73,33,14,35,49,4,2,1,1,2,0,0,0,0,0,1,0,0,1,1,1,0,1,0,1,33,17,14,14,28,135,56,17,82,99
Kannur,570,31.0,71,43.0,333,333,666,79,11,64,70,134,7,0,6,3,9,0,0,0,0,0,0,0,0,0,0,0,0,0,0,0,1,0,2,0,2,0,0,0,0,0
Kanpur,200,44.0,96,41.0,112,27,139,410,187,197,61,258,70,39,37,16,53,62,31,35,14,49,132,61,79,18,97,95,44,61,12,73,163,68,103,21,124,375,166,211,39,250
Khozikode,1200,17.0,125,34.0,865,340,1205,94,16,62,29,91,32,5,24,13,37,0,0,0,0,0,2,1,0,1,1,1,0,0,0,0,4,0,3,0,3,264,32,198,62,260
Kochi,1631,9.0,108,37.0,1200,394,1594,136,6,90,37,127,54,4,40,22,62,3,2,1,0,1,9,0,6,1,7,1,0,1,0,1,30,4,19,12,31,426,31,340,91,431
Kolkata,1526,12.0,240,16.0,654,432,1086,418,18,178,157,335,46,9,20,13,33,9,0,5,4,9,70,0,52,22,74,50,0,35,18,53,40,0,27,17,44,341,0,256,114,370
Kollam,1041,20.0,133,33.0,937,146,1083,365,42,322,56,378,17,2,17,1,18,21,1,15,7,22,1,0,1,0,1,5,2,3,2,5,1,0,1,0,1,489,45,430,43,473
Kota,455,37.0,125,34.0,66,392,458,99,21,16,90,106,29,8,2,26,28,48,16,7,45,52,42,19,9,47,56,26,13,0,28,28,20,11,0,30,30,65,12,13,42,55
Lucknow,648,26.0,226,17.0,189,177,366,442,144,118,132,250,242,90,81,38,119,167,61,64,28,92,112,36,41,22,63,74,24,14,27,41,0,0,0,0,0,0,0,0,0,0
Ludhiana,83,48.0,42,47.0,39,2,41,34,13,19,2,21,12,7,5,0,5,0,0,0,0,0,0,0,0,0,0,0,0,0,0,0,50,28,19,3,22,374,174,191,9,200
Madurai,513,33.0,148,28.0,5,439,444,37,5,0,32,32,91,12,0,89,89,32,3,0,36,36,112,13,0,119,119,0,0,0,0,0,81,12,0,79,79,0,0,0,0,0
Mallapuram,1597,10.0,222,19.0,1287,449,1736,449,70,369,179,548,20,0,18,3,21,14,2,9,5,14,1,0,1,0,1,4,0,3,1,4,5,0,4,0,4,472,70,364,134,498
Meerut,245,42.0,108,37.0,34,129,163,166,74,22,88,110,90,42,22,41,63,75,30,14,40,54,24,7,11,9,20,23,5,9,12,21,20,3,7,12,19,313,144,37,157,194
Mumbai,2200,6.0,307,9.0,1640,568,2208,438,68,319,136,455,228,66,188,74,262,0,0,0,0,0,1,1,0,0,0,0,0,0,0,0,0,0,0,0,0,5,5,0,0,0
Nagpur,640,28.0,179,23.0,377,263,640,197,45,141,86,227,17,8,5,7,12,43,12,20,17,37,63,1,47,28,75,0,0,0,0,0,47,5,22,29,51,0,0,0,0,0
Nashik,490,34.0,144,30.0,339,139,478,41,13,31,15,46,13,9,13,1,14,0,0,0,0,0,1,1,0,0,0,0,0,0,0,0,3,5,0,0,0,5,5,2,0,2
Patna,264,41.0,100,40.0,134,13,147,205,75,121,8,129,0,0,0,0,0,0,0,0,0,0,0,0,0,0,0,14,5,12,0,12,0,0,0,0,0,41,12,26,0,26
Pune,572,30.0,165,26.0,294,134,428,81,21,52,12,64,37,2,32,6,38,0,0,0,0,0,0,0,0,0,0,91,16,78,9,87,10,2,7,2,9,0,0,0,0,0
Raipur,1689,8.0,349,7.0,58,1266,1324,349,75,8,184,192,52,17,4,25,29,16,6,1,9,10,0,0,0,0,0,28,7,1,15,16,12,4,3,7,10,0,0,0,0,0
Rajkot,479,35.0,147,29.0,171,178,349,6,2,5,4,9,3,2,2,0,2,2,0,0,0,0,0,0,0,0,0,0,0,0,0,0,0,0,0,0,0,85,19,34,43,77
Srinagar,225,43.0,34,48.0,0,242,242,0,0,0,0,0,0,0,0,0,0,0,0,0,0,0,0,0,0,0,0,0,0,0,0,0,0,0,0,0,0,85,11,0,81,81
Surat,831,24.0,248,14.0,466,172,638,20,7,13,0,13,83,33,50,11,61,3,1,2,0,2,1,0,0,1,1,5,2,2,0,2,2,1,1,0,1,0,0,0,0,0
Thiruvanthapuram,1311,14.0,151,27.0,1141,279,1420,196,15,186,33,219,14,2,13,6,19,5,0,5,1,6,0,0,0,0,0,0,0,0,0,0,18,3,13,4,17,451,34,404,99,503
Thrissur,1583,11.0,136,32.0,1167,589,1756,264,31,210,135,345,8,0,7,3,10,3,0,3,0,3,22,4,15,4,19,4,2,1,1,2,20,0,14,7,21,306,40,219,116,335
Tiruchirapalli,288,40.0,68,44.0,27,244,271,212,27,5,298,303,17,9,0,11,11,0,0,0,0,0,0,0,0,0,0,0,0,0,0,0,0,0,0,0,0,0,0,0,0,0
Vadodra,645,27.0,142,31.0,337,197,534,5,1,4,0,4,28,15,5,7,12,1,0,1,0,1,0,0,0,0,0,0,0,0,0,0,0,0,0,0,0,0,0,0,0,0
Varanasi,134,46.0,53,45.0,38,34,72,91,42,28,21,49,74,39,19,18,37,70,36,22,17,39,60,31,17,15,32,55,29,16,14,30,57,27,16,16,32,69,31,23,14,37
Vijaywada city,1260,15.0,298,10.0,394,764,1158,174,44,59,116,175,56,11,17,35,52,1,1,0,0,0,0,0,0,0,0,0,0,0,0,0,4,0,4,2,6,0,0,0,0,0
Vizaq,1194,18.0,223,18.0,657,313,970,270,50,180,69,249,45,13,38,9,47,7,1,5,4,9,0,0,0,0,0,3,0,3,0,3,28,8,27,10,37,159,28,120,35,155
Total,52031,,11136,,20122,25978,46100,10573,2010,3890,5945,9835,3494,943,1246,1743,2989,1956,430,523,1224,1747,1390,379,552,606,1158,1449,347,595,744,1339,2900,554,828,1978,2806,8988,1999,3710,4436,8146
